SET FOREIGN_KEY_CHECKS=0;
SET SQL_MODE = "NO_AUTO_VALUE_ON_ZERO";
SET AUTOCOMMIT = 0;
START TRANSACTION;
SET time_zone = "+00:00";

/*!40101 SET @OLD_CHARACTER_SET_CLIENT=@@CHARACTER_SET_CLIENT */;
/*!40101 SET @OLD_CHARACTER_SET_RESULTS=@@CHARACTER_SET_RESULTS */;
/*!40101 SET @OLD_COLLATION_CONNECTION=@@COLLATION_CONNECTION */;
/*!40101 SET NAMES utf8mb4 */;


DROP TABLE IF EXISTS `baralhos`;
CREATE TABLE IF NOT EXISTS `baralhos` (
  `id` int(10) UNSIGNED NOT NULL AUTO_INCREMENT,
  `usuario_id` int(11) NOT NULL,
  `tema_id` int(11) NOT NULL,
  `nome` varchar(255) NOT NULL,
  `descricao` text,
  `publico` tinyint(1) NOT NULL DEFAULT '0',
  `revisao_facil` int(10) UNSIGNED NOT NULL DEFAULT '7' COMMENT '7 dias',
  `revisao_bom` int(10) UNSIGNED NOT NULL DEFAULT '3' COMMENT '3 dias',
  `revisao_dificil` int(10) UNSIGNED NOT NULL DEFAULT '1' COMMENT '1 dia',
  `created` datetime DEFAULT NULL,
  `updated` datetime DEFAULT NULL,
  PRIMARY KEY (`id`),
  KEY `usuario_id` (`usuario_id`),
  KEY `tema_id` (`tema_id`)
) ENGINE=InnoDB AUTO_INCREMENT=10 DEFAULT CHARSET=utf8;

INSERT INTO `baralhos` (`id`, `usuario_id`, `tema_id`, `nome`, `descricao`, `publico`, `revisao_facil`, `revisao_bom`, `revisao_dificil`, `created`, `updated`) VALUES
(1, 0, 1, 'Expressões Matemáticas Simples', 'Baralho para estudo de expressões matemáticas simples.', 1, 7, 3, 1, '2018-11-20 00:00:00', NULL),
(2, 0, 2, 'Verb To Be', 'Baralho para finalmente estudar e aprender o \"Verb To Be\".', 1, 7, 3, 1, '2018-11-20 00:00:00', NULL),
(3, 0, 3, 'Tonicidade', 'Baralho para aprender a diferenciar as oxítonas, paroxítonas e proparoxítonas.', 1, 7, 3, 1, '2018-11-20 00:00:00', NULL),
(9, 5, 1, 'Teste', 'Mussum Ipsum, cacilds vidis litro abertis. Posuere libero varius. Nullam a nisl ut ante blandit hendrerit. Aenean sit amet nisi. Mé faiz elementum girarzis, nisi eros vermeio. Não sou faixa preta cumpadi, sou preto inteiris, inteiris. Interagi no mé, cursus quis, vehicula ac nisi.', 0, 1, 3, 7, '2018-11-26 22:57:09', '2018-11-26 22:58:30');

DROP TABLE IF EXISTS `cartas`;
CREATE TABLE IF NOT EXISTS `cartas` (
  `id` int(10) UNSIGNED NOT NULL AUTO_INCREMENT,
  `baralho_id` int(10) UNSIGNED NOT NULL,
  `frente` text NOT NULL,
  `verso` text NOT NULL,
  `data_revisao` datetime DEFAULT NULL,
  `data_prox_revisao` datetime DEFAULT NULL,
  `created` datetime DEFAULT NULL,
  `updated` datetime DEFAULT NULL,
  PRIMARY KEY (`id`),
  KEY `baralho_id` (`baralho_id`)
) ENGINE=InnoDB AUTO_INCREMENT=18 DEFAULT CHARSET=utf8;

INSERT INTO `cartas` (`id`, `baralho_id`, `frente`, `verso`, `data_revisao`, `data_prox_revisao`, `created`, `updated`) VALUES
(1, 1, '10 + 8 = ?', '18', NULL, NULL, NULL, NULL),
(2, 1, '25 / 5 = ?', '5', NULL, NULL, NULL, NULL),
(3, 1, '32 - 9 = ?', '23', NULL, NULL, NULL, NULL),
(4, 1, '10 * 4 = ?', '40', NULL, NULL, NULL, NULL),
(5, 1, '12 + 53 = ?', '65', NULL, NULL, NULL, NULL),
(6, 3, 'Jacaré', 'Ja-ca-ré<br>Oxítona', NULL, NULL, NULL, NULL),
(7, 3, 'Caráter', 'Ca-rá-ter<br>Paroxítona', NULL, NULL, NULL, NULL),
(8, 3, 'Máquina', 'Má-qui-na<br>Proparoxítona', NULL, NULL, NULL, NULL),
(9, 2, 'I am', 'Eu sou / estou', NULL, NULL, NULL, NULL),
(10, 2, 'You are', 'Você é / está', NULL, NULL, NULL, NULL),
(11, 2, 'He is', 'Ele é / está', NULL, NULL, NULL, NULL),
(12, 2, 'She is', 'Ela é / está', NULL, NULL, NULL, NULL),
(13, 2, 'It is', 'Ele(a) é / está', NULL, NULL, NULL, NULL),
(14, 2, 'We are', 'Nós somos / estamos', NULL, NULL, NULL, NULL),
(15, 2, 'You are', 'Vocês são / estão', NULL, NULL, NULL, NULL),
(16, 2, 'They are', 'Eles são / estão', NULL, NULL, NULL, NULL),
(17, 9, 'frente', 'verso', NULL, NULL, NULL, NULL);

DROP TABLE IF EXISTS `ci_sessions`;
CREATE TABLE IF NOT EXISTS `ci_sessions` (
  `id` varchar(40) NOT NULL,
  `ip_address` varchar(45) NOT NULL,
  `timestamp` int(10) UNSIGNED NOT NULL DEFAULT '0',
  `data` blob NOT NULL,
  PRIMARY KEY (`id`),
  KEY `ci_sessions_timestamp` (`timestamp`)
) ENGINE=InnoDB DEFAULT CHARSET=utf8;

INSERT INTO `ci_sessions` (`id`, `ip_address`, `timestamp`, `data`) VALUES
('0m188dt75ha7sq4tn9ffsr5j88dnbkk6', '::1', 1542934216, 0x5f5f63695f6c6173745f726567656e65726174657c693a313534323933343039333b),
('1n8vsp2k5c5etagfc0umqbskh9n9hhf9', '::1', 1543274951, 0x5f5f63695f6c6173745f726567656e65726174657c693a313534333237343635363b6c6f676765647c623a313b656d61696c7c733a31333a226a6f616f406a6f616f2e636f6d223b69647c733a313a2235223b),
('1ufido83g8eajf7bl5bljs47kuj9159t', '::1', 1543271114, 0x5f5f63695f6c6173745f726567656e65726174657c693a313534333237303930383b6c6f676765647c623a313b656d61696c7c733a31333a226a6f616f406a6f616f2e636f6d223b69647c733a313a2235223b),
('28nqcrfmm6ot6brurhm603koim55bugg', '::1', 1543271983, 0x5f5f63695f6c6173745f726567656e65726174657c693a313534333237313638333b6c6f676765647c623a313b656d61696c7c733a31333a226a6f616f406a6f616f2e636f6d223b69647c733a313a2235223b),
('2rajup42dun0tj8o78jhrk2agcdd1p0s', '::1', 1542933666, 0x5f5f63695f6c6173745f726567656e65726174657c693a313534323933333430323b),
('418f20mo9g24sjajvehis88c1vuq60ph', '::1', 1542937525, 0x5f5f63695f6c6173745f726567656e65726174657c693a313534323933373532323b),
('42ae2b6663oqr78vicqifgim66md3cr6', '::1', 1542931369, 0x5f5f63695f6c6173745f726567656e65726174657c693a313534323933313234363b),
('4hjvl3lls6t1sequ3re7o99edt4nf0uq', '::1', 1542932506, 0x5f5f63695f6c6173745f726567656e65726174657c693a313534323933323233373b),
('4kgndo3nmq38j6v6hl7goaqiqvl6qusn', '::1', 1543268440, 0x5f5f63695f6c6173745f726567656e65726174657c693a313534333236383134333b6c6f676765647c623a313b656d61696c7c733a31333a226a6f616f406a6f616f2e636f6d223b69647c733a313a2235223b),
('63j0bf7sg0p4ancf81s4cdrsl6o0ogs8', '::1', 1543270434, 0x5f5f63695f6c6173745f726567656e65726174657c693a313534333237303134333b6c6f676765647c623a313b656d61696c7c733a31333a226a6f616f406a6f616f2e636f6d223b69647c733a313a2235223b),
('6977gcmr02kfoj4nb042f9s1pid7djh0', '::1', 1543272311, 0x5f5f63695f6c6173745f726567656e65726174657c693a313534333237323032353b6c6f676765647c623a313b656d61696c7c733a31333a226a6f616f406a6f616f2e636f6d223b69647c733a313a2235223b),
('6lfkklfj0ao7cu7qbg9anevm96nrtobo', '::1', 1542931606, 0x5f5f63695f6c6173745f726567656e65726174657c693a313534323933313536363b),
('849dibva5h35s10lge7rhp4ojtjqpk6i', '::1', 1543271612, 0x5f5f63695f6c6173745f726567656e65726174657c693a313534333237313336313b6c6f676765647c623a313b656d61696c7c733a31333a226a6f616f406a6f616f2e636f6d223b69647c733a313a2235223b),
('95lmc1oqfbjmicd53iu9c0p05aps4uaj', '::1', 1543266640, 0x5f5f63695f6c6173745f726567656e65726174657c693a313534333236363334343b6c6f676765647c623a313b656d61696c7c733a31333a226a6f616f406a6f616f2e636f6d223b69647c733a313a2235223b),
('ba091ebj1u5cokj5qoa80voipu7pbaf0', '::1', 1543273263, 0x5f5f63695f6c6173745f726567656e65726174657c693a313534333237323937383b6c6f676765647c623a313b656d61696c7c733a31333a226a6f616f406a6f616f2e636f6d223b69647c733a313a2235223b),
('bv4psa4rhbadrmicog5ounp72ft0bof1', '::1', 1542932840, 0x5f5f63695f6c6173745f726567656e65726174657c693a313534323933323633333b),
('e2h31goo9qoev3hqat3vgeinfh6v33jo', '::1', 1543274265, 0x5f5f63695f6c6173745f726567656e65726174657c693a313534333237343034333b6c6f676765647c623a313b656d61696c7c733a31333a226a6f616f406a6f616f2e636f6d223b69647c733a313a2235223b),
('e3vh1vmmvtk9e86a1kbc6r2ldv40cu4o', '::1', 1543270139, 0x5f5f63695f6c6173745f726567656e65726174657c693a313534333236393833393b6c6f676765647c623a313b656d61696c7c733a31333a226a6f616f406a6f616f2e636f6d223b69647c733a313a2235223b),
('ec7987leumushoh3eohgbglumt0li6r9', '::1', 1543267484, 0x5f5f63695f6c6173745f726567656e65726174657c693a313534333236373237333b6c6f676765647c623a313b656d61696c7c733a31333a226a6f616f406a6f616f2e636f6d223b69647c733a313a2235223b),
('f83lf3uqa38qb7lmq1i35hgepod2oaoa', '::1', 1543269217, 0x5f5f63695f6c6173745f726567656e65726174657c693a313534333236393134353b6c6f676765647c623a313b656d61696c7c733a31333a226a6f616f406a6f616f2e636f6d223b69647c733a313a2235223b),
('fou9mj3oefm55rebhl3gg9certjlscth', '::1', 1542933378, 0x5f5f63695f6c6173745f726567656e65726174657c693a313534323933333039353b),
('hd942lvhmtigu86pelc6nigormppvcg1', '::1', 1543273909, 0x5f5f63695f6c6173745f726567656e65726174657c693a313534333237333731373b6c6f676765647c623a313b656d61696c7c733a31333a226a6f616f406a6f616f2e636f6d223b69647c733a313a2235223b),
('ikohihvv4fip5edl3fvhi9jvphv0tdts', '::1', 1542934029, 0x5f5f63695f6c6173745f726567656e65726174657c693a313534323933333734313b),
('kqjhs075fcdojhq12v29t751rjr3be3s', '::1', 1543267262, 0x5f5f63695f6c6173745f726567656e65726174657c693a313534333236363936343b6c6f676765647c623a313b656d61696c7c733a31333a226a6f616f406a6f616f2e636f6d223b69647c733a313a2235223b),
('m6fajghe6hsc71c95sg60m8pjrgop7ag', '::1', 1543274966, 0x5f5f63695f6c6173745f726567656e65726174657c693a313534333237343935383b6c6f676765647c623a313b656d61696c7c733a31333a226a6f616f406a6f616f2e636f6d223b69647c733a313a2235223b),
('nbbiqcpbn69vikenvm9a5dm3puqfeplj', '::1', 1543272643, 0x5f5f63695f6c6173745f726567656e65726174657c693a313534333237323335303b6c6f676765647c623a313b656d61696c7c733a31333a226a6f616f406a6f616f2e636f6d223b69647c733a313a2235223b),
('niup9umd0k6mos6qdd14p8mftp4dnfc9', '::1', 1543266951, 0x5f5f63695f6c6173745f726567656e65726174657c693a313534333236363636313b6c6f676765647c623a313b656d61696c7c733a31333a226a6f616f406a6f616f2e636f6d223b69647c733a313a2235223b),
('o7iq5g3hddan373hljk0iglemulb09nf', '::1', 1543273554, 0x5f5f63695f6c6173745f726567656e65726174657c693a313534333237333238323b6c6f676765647c623a313b656d61696c7c733a31333a226a6f616f406a6f616f2e636f6d223b69647c733a313a2235223b),
('oj23nvpji3fj8v86a02sk9e1rgvgvjij', '::1', 1543269068, 0x5f5f63695f6c6173745f726567656e65726174657c693a313534333236383736383b6c6f676765647c623a313b656d61696c7c733a31333a226a6f616f406a6f616f2e636f6d223b69647c733a313a2235223b),
('rd1njbn6vt3dj6ep952l3rru89col2ti', '::1', 1543270599, 0x5f5f63695f6c6173745f726567656e65726174657c693a313534333237303438353b6c6f676765647c623a313b656d61696c7c733a31333a226a6f616f406a6f616f2e636f6d223b69647c733a313a2235223b),
('rq09gcpursrp1bdcm92b6c7s0qgkqq04', '::1', 1543267740, 0x5f5f63695f6c6173745f726567656e65726174657c693a313534333236373635353b6c6f676765647c623a313b656d61696c7c733a31333a226a6f616f406a6f616f2e636f6d223b69647c733a313a2235223b),
('t5o9gaqa1fv0550r5mv9gi4jmnkobq2g', '::1', 1543272963, 0x5f5f63695f6c6173745f726567656e65726174657c693a313534333237323636363b6c6f676765647c623a313b656d61696c7c733a31333a226a6f616f406a6f616f2e636f6d223b69647c733a313a2235223b),
('tjq88gs4f5hvlliu2up9lm9np6n7ker5', '::1', 1542932235, 0x5f5f63695f6c6173745f726567656e65726174657c693a313534323933313933353b),
('vvdfpa6t5jnlgg00kl0886mepit1gj4p', '::1', 1543268751, 0x5f5f63695f6c6173745f726567656e65726174657c693a313534333236383436353b6c6f676765647c623a313b656d61696c7c733a31333a226a6f616f406a6f616f2e636f6d223b69647c733a313a2235223b);

DROP TABLE IF EXISTS `temas`;
CREATE TABLE IF NOT EXISTS `temas` (
  `id` int(10) UNSIGNED NOT NULL AUTO_INCREMENT,
  `nome` varchar(255) NOT NULL,
  `bg_color` varchar(50) NOT NULL DEFAULT '#000000',
  `icon` varchar(50) NOT NULL DEFAULT 'icon-tema',
  `ordem` int(11) DEFAULT NULL,
  PRIMARY KEY (`id`)
) ENGINE=InnoDB AUTO_INCREMENT=7 DEFAULT CHARSET=utf8;

INSERT INTO `temas` (`id`, `nome`, `bg_color`, `icon`, `ordem`) VALUES
(1, 'Matemática', '#d9edf7', 'icon-tema-mat', 2),
(2, 'Inglês', '#fcf8e3', 'icon-tema-ing', 3),
(3, 'Português', '#f2dede', 'icon-tema-port', 4),
(4, 'História', '#000000', 'icon-tema', 5),
(5, 'Tecnologia', '#000000', 'icon-tema', 1),
(6, 'Diversos', '#000000', 'icon-tema', 6);

DROP TABLE IF EXISTS `usuarios`;
CREATE TABLE IF NOT EXISTS `usuarios` (
  `id` int(10) UNSIGNED NOT NULL AUTO_INCREMENT,
  `nome` varchar(255) NOT NULL,
  `email` varchar(255) NOT NULL,
  `senha` varchar(255) NOT NULL,
  `created` datetime DEFAULT NULL,
  `updated` datetime DEFAULT NULL,
  PRIMARY KEY (`id`),
  UNIQUE KEY `email` (`email`)
) ENGINE=InnoDB AUTO_INCREMENT=7 DEFAULT CHARSET=utf8;

INSERT INTO `usuarios` (`id`, `nome`, `email`, `senha`, `created`, `updated`) VALUES
(4, 'Éderson Luís dos Reis Fernandes', 'edersonluis.rf@gmail.com', '$2y$10$6RdcxVA.DuMnbXlLnNt2zeVCt/Vz1rfmpDItbjUk7BN6xZ9pChPJe', NULL, NULL),
(5, 'João', 'joao@joao.com', '$2y$10$No6qiTVZBcCQU1.od3zk0O2YOAcih1SYyKaBc8KPO6sJqpbvNL4tq', NULL, NULL),
(6, 'José', 'jose@jose.com', '$2y$10$88vC4NK2UrOcHcZNk62paOeDS27qXcuXLlFrlk0H2HZQCQaaU3awm', NULL, NULL);
SET FOREIGN_KEY_CHECKS=1;
COMMIT;

/*!40101 SET CHARACTER_SET_CLIENT=@OLD_CHARACTER_SET_CLIENT */;
/*!40101 SET CHARACTER_SET_RESULTS=@OLD_CHARACTER_SET_RESULTS */;
/*!40101 SET COLLATION_CONNECTION=@OLD_COLLATION_CONNECTION */;
